#trial,map_id,start_x,start_y,start_z,end_x,end_y,end_z
0,0,-1.723340,-4.168233,1.000000,3.230813,0.271203,1.000000
1,0,-2.338555,-4.092671,1.000000,-4.262509,0.007071,1.000000
2,0,3.206417,0.243961,1.000000,-4.050710,-0.278362,1.000000
3,0,-2.270290,3.237644,1.000000,-2.571202,-4.193711,1.000000
4,0,-2.137596,3.417367,1.000000,1.454220,1.073316,1.000000
5,0,-2.691655,1.346439,1.000000,-2.304052,-4.200032,1.000000
6,0,2.958314,0.384629,1.000000,-3.079680,-0.177667,1.000000
7,0,-4.413772,-2.265092,1.000000,0.088012,-0.785570,1.000000
8,0,-3.183203,-0.087088,1.000000,3.218541,4.021955,1.000000
9,0,3.536284,4.318409,1.000000,-3.717116,-3.571907,1.000000
10,0,2.671664,2.656572,1.000000,-2.025232,1.926374,1.000000
11,0,-2.824278,2.352646,1.000000,0.544998,-0.212569,1.000000
12,0,2.983385,1.758620,1.000000,-3.407156,-4.066370,1.000000
13,0,3.341708,4.085745,1.000000,1.170387,0.690645,1.000000
14,0,1.586246,0.041060,1.000000,-4.142995,-1.309709,1.000000
15,0,-3.187884,1.226596,1.000000,-2.690808,-4.404404,1.000000
16,0,2.311181,4.011493,1.000000,-2.876208,-0.421827,1.000000
17,0,2.548557,3.589783,1.000000,-2.892426,-3.003389,1.000000
18,0,-2.162443,-4.185879,1.000000,2.425929,2.595580,1.000000
19,0,-3.434542,-4.340625,1.000000,-3.472323,0.667766,1.000000
20,0,2.579460,2.982161,1.000000,-1.492093,2.398132,1.000000
21,0,3.151269,3.372450,1.000000,-0.990595,1.066535,1.000000
22,0,-4.042004,-3.960163,1.000000,-2.821919,2.015590,1.000000
23,0,3.070211,1.040266,1.000000,-1.622424,1.927686,1.000000
24,0,-3.166744,-3.461483,1.000000,2.681281,4.289333,1.000000
25,0,2.741337,3.643028,1.000000,-2.574952,2.787346,1.000000
26,0,3.163105,2.309443,1.000000,-2.870731,1.626372,1.000000
27,0,0.786624,0.793471,1.000000,-2.184581,3.742109,1.000000
28,0,2.356382,3.715827,1.000000,-2.703641,-0.086540,1.000000
29,0,-1.357061,1.870768,1.000000,-3.939060,-3.784398,1.000000
30,0,-3.604072,-3.643132,1.000000,0.709882,0.992634,1.000000
31,0,0.679451,-0.471163,1.000000,-3.029278,-3.079007,1.000000
32,0,-3.697334,-1.096627,1.000000,0.188644,0.546203,1.000000
33,0,2.736420,1.018560,1.000000,-1.526376,-3.798895,1.000000
34,0,2.696743,4.155784,1.000000,-2.667553,-3.560219,1.000000
35,0,-4.162129,-2.899761,1.000000,0.395068,-0.097716,1.000000
36,0,3.175588,2.108106,1.000000,-3.016565,0.598796,1.000000
37,0,-2.071958,-3.392336,1.000000,-2.867174,1.406998,1.000000
38,0,0.766832,-1.862598,1.000000,-3.713927,0.036766,1.000000
39,0,1.729041,0.000090,1.000000,-2.517918,1.345165,1.000000
40,0,-3.138763,-3.190842,1.000000,2.613176,-0.343155,1.000000
41,0,-4.304208,-0.825435,1.000000,2.177079,0.171247,1.000000
42,0,1.618382,0.141777,1.000000,-3.728293,-1.418622,1.000000
43,0,-2.965416,0.256509,1.000000,2.095628,1.226721,1.000000
44,0,2.309861,1.838137,1.000000,-3.650838,0.370413,1.000000
45,0,3.471851,1.395278,1.000000,-3.853366,-3.523959,1.000000
46,0,-2.576216,1.543684,1.000000,-1.564494,-4.448030,1.000000
47,0,2.850790,3.233079,1.000000,-2.691679,0.958486,1.000000
48,0,-3.013553,1.208013,1.000000,-3.848633,-3.979325,1.000000
49,0,-1.719985,2.216218,1.000000,1.326141,-1.545365,1.000000
50,0,-1.406688,-2.212170,1.000000,2.704413,3.073069,1.000000
51,0,3.929388,1.224134,1.000000,-3.230412,-3.532073,1.000000
52,0,-2.856952,3.214195,1.000000,2.216332,-0.102999,1.000000
53,0,-3.694940,-0.854063,1.000000,2.306945,2.832543,1.000000
54,0,-3.782298,0.910455,1.000000,2.697303,3.568559,1.000000
55,0,2.951212,1.025767,1.000000,-4.063731,0.871387,1.000000
56,0,0.733521,-1.711905,1.000000,-3.262336,-0.078209,1.000000
57,0,-3.135508,1.515244,1.000000,1.147160,0.319486,1.000000
58,0,-4.223204,0.618691,1.000000,4.272998,-3.720373,1.000000
59,0,4.238465,-4.112021,1.000000,0.812188,0.439621,1.000000
60,0,-2.672577,1.996622,1.000000,-2.007113,-3.556564,1.000000
61,0,1.353080,1.210957,1.000000,-3.583623,0.042405,1.000000
62,0,2.328962,2.858820,1.000000,-2.997947,3.511127,1.000000
63,0,1.155546,1.266448,1.000000,-2.805852,2.051000,1.000000
64,0,-0.187412,0.162370,1.000000,4.238186,1.197714,1.000000
65,0,-4.420999,-3.737934,1.000000,2.550382,4.276350,1.000000
66,0,2.541455,4.230921,1.000000,-3.876477,-1.954336,1.000000
67,0,-4.036474,-1.025941,1.000000,2.576486,3.007115,1.000000
68,0,2.676418,2.564115,1.000000,-1.461408,-1.880683,1.000000
69,0,-2.539215,3.416655,1.000000,-0.061902,-0.383567,1.000000
70,0,3.390956,1.789566,1.000000,-4.259101,-2.716350,1.000000
71,0,-2.774888,2.457989,1.000000,2.608626,3.173416,1.000000
72,0,0.499769,-0.384450,1.000000,-1.956157,2.867998,1.000000
73,0,2.812721,3.399686,1.000000,-2.623963,-0.947723,1.000000
74,0,-1.617409,-3.789596,1.000000,2.820328,1.244759,1.000000
75,0,-2.248705,-3.990340,1.000000,-4.205997,-0.194226,1.000000
76,0,-4.194688,-0.128031,1.000000,2.657390,2.749553,1.000000
77,0,2.704355,2.091564,1.000000,-3.810908,0.070302,1.000000
78,0,1.123804,-2.222395,1.000000,-2.732257,-1.035636,1.000000
79,0,-4.098283,0.151110,1.000000,2.421848,3.991427,1.000000
80,0,1.110854,0.128389,1.000000,-2.729063,2.631108,1.000000
81,0,-2.230995,3.663545,1.000000,3.416682,4.180111,1.000000
82,0,2.207076,4.330302,1.000000,-4.154424,-3.396438,1.000000
83,0,3.189933,3.200976,1.000000,0.054718,-0.357276,1.000000
84,0,3.010891,4.040573,1.000000,-0.051838,-1.234517,1.000000
85,0,-4.082956,-2.237216,1.000000,1.422474,-2.477199,1.000000
86,0,-3.885334,-0.808435,1.000000,1.194057,-1.488275,1.000000
87,0,-0.028638,-1.322296,1.000000,-3.985394,-2.512052,1.000000
88,0,-2.735992,-3.824640,1.000000,-3.617516,0.413658,1.000000
89,0,2.747693,0.482047,1.000000,-3.424816,-0.877746,1.000000
90,0,-2.659845,-4.021755,1.000000,-3.776394,0.151870,1.000000
91,0,-2.855562,-3.426128,1.000000,-2.354299,1.291758,1.000000
92,0,-2.134485,-4.282060,1.000000,-2.863626,1.031409,1.000000
93,0,-2.925827,-4.379073,1.000000,2.597871,2.420288,1.000000
94,0,-2.617149,3.571312,1.000000,-1.604908,-3.691183,1.000000
95,0,-1.772290,3.126570,1.000000,-3.776466,-1.069044,1.000000
96,0,-2.679785,0.851626,1.000000,2.762204,4.359383,1.000000
97,0,-4.218116,-3.879086,1.000000,-0.698607,-1.480624,1.000000
98,0,1.560030,-0.567563,1.000000,-2.347718,1.909270,1.000000
99,0,-4.137070,-1.741387,1.000000,3.140965,0.202447,1.000000
100,1,-4.279673,1.535474,1.000000,4.092404,1.031117,1.000000
101,1,3.050024,1.751819,1.000000,-3.326010,-0.245454,1.000000
102,1,1.719656,2.258834,1.000000,-3.347292,2.071235,1.000000
103,1,4.090154,3.212614,1.000000,-0.159123,-4.387106,1.000000
104,1,2.380081,2.029420,1.000000,-4.112964,3.411044,1.000000
105,1,0.827805,2.913584,1.000000,-3.991563,3.795677,1.000000
106,1,-3.877902,4.105505,1.000000,3.279749,2.739809,1.000000
107,1,1.294443,-4.291486,1.000000,2.429480,2.270002,1.000000
108,1,4.248344,1.922837,1.000000,-3.398509,1.258350,1.000000
109,1,-4.121294,3.405125,1.000000,1.165535,-0.851670,1.000000
110,1,0.382180,3.298750,1.000000,-4.374231,2.305654,1.000000
111,1,0.420403,-4.286487,1.000000,-3.138527,0.784875,1.000000
112,1,3.433830,2.389211,1.000000,1.252959,-1.524723,1.000000
113,1,0.651271,-4.092977,1.000000,4.395916,2.153492,1.000000
114,1,-3.504482,0.175418,1.000000,0.922944,1.921983,1.000000
115,1,1.096562,-0.084563,1.000000,-3.093971,-0.378488,1.000000
116,1,-3.395563,0.770388,1.000000,0.941259,-0.263001,1.000000
117,1,-3.610927,1.157487,1.000000,1.286418,0.827301,1.000000
118,1,-3.202239,-0.034541,1.000000,-1.276517,-4.426168,1.000000
119,1,2.470149,-4.205664,1.000000,4.122229,2.298485,1.000000
120,1,3.364849,3.015444,1.000000,1.423698,-1.906448,1.000000
121,1,-2.834197,-4.350584,1.000000,-3.938820,0.247435,1.000000
122,1,4.261501,3.042970,1.000000,0.002638,4.338612,1.000000
123,1,1.829700,1.775852,1.000000,-3.673346,2.069707,1.000000
124,1,-4.033950,1.410668,1.000000,1.090812,3.271438,1.000000
125,1,-4.112542,0.514257,1.000000,2.164706,2.218042,1.000000
126,1,-4.464146,1.095422,1.000000,1.108609,2.386740,1.000000
127,1,0.557728,3.726948,1.000000,1.152444,-0.867111,1.000000
128,1,4.292938,1.406872,1.000000,-3.104090,-0.440639,1.000000
129,1,1.103753,0.769527,1.000000,-3.713115,3.680162,1.000000
130,1,0.987859,2.952763,1.000000,0.873798,-4.080777,1.000000
131,1,0.485291,-3.718401,1.000000,-2.611450,-0.641207,1.000000
132,1,-3.413991,1.055912,1.000000,0.404970,-3.663634,1.000000
133,1,-3.590705,1.025946,1.000000,0.900432,3.561718,1.000000
134,1,-4.109479,1.981792,1.000000,1.216366,3.456093,1.000000
135,1,1.309040,1.039363,1.000000,-4.217269,0.360367,1.000000
136,1,-3.356367,-0.464310,1.000000,2.591880,1.725830,1.000000
137,1,0.279442,-3.426135,1.000000,-4.121384,1.898001,1.000000
138,1,1.732178,2.709513,1.000000,-4.013733,1.186150,1.000000
139,1,4.066854,1.611854,1.000000,-0.952847,-4.493537,1.000000
140,1,0.693995,3.974680,1.000000,-3.525861,0.854440,1.000000
141,1,-3.966114,1.530002,1.000000,0.706408,2.598606,1.000000
142,1,3.745649,3.118361,1.000000,0.217519,-4.155040,1.000000
143,1,-4.286309,0.008617,1.000000,2.466379,2.440190,1.000000
144,1,-4.000462,4.231100,1.000000,1.087686,0.735995,1.000000
145,1,2.985836,2.952010,1.000000,-2.798261,-0.375503,1.000000
146,1,-2.154108,-4.101304,1.000000,-0.131836,4.239385,1.000000
147,1,3.528458,2.798230,1.000000,-2.255273,-4.376347,1.000000
148,1,-4.014235,2.750576,1.000000,2.473123,-4.215905,1.000000
149,1,0.124595,4.062374,1.000000,-3.300966,0.668346,1.000000
150,1,-3.769830,0.469553,1.000000,3.472557,3.260445,1.000000
151,1,-3.962630,0.085722,1.000000,-3.613727,4.088137,1.000000
152,1,1.362771,4.096172,1.000000,-3.600184,1.702043,1.000000
153,1,-3.400822,2.388765,1.000000,1.158775,-4.472786,1.000000
154,1,2.715716,3.034156,1.000000,-3.859506,3.279884,1.000000
155,1,1.860718,3.086161,1.000000,-3.632756,4.272558,1.000000
156,1,1.138787,-0.412956,1.000000,3.150654,3.047434,1.000000
157,1,3.482018,2.278181,1.000000,1.652771,-1.881010,1.000000
158,1,-3.169532,-0.321400,1.000000,1.150958,4.143449,1.000000
159,1,0.743390,4.157269,1.000000,-3.637704,1.117228,1.000000
160,1,1.256641,0.369336,1.000000,1.297413,-4.384451,1.000000
161,1,1.007359,0.683776,1.000000,-2.470061,-4.316952,1.000000
162,1,-3.866646,3.284425,1.000000,-2.428206,-0.857839,1.000000
163,1,0.046147,-4.405672,1.000000,-3.007700,-0.422117,1.000000
164,1,-4.402760,2.811950,1.000000,4.074641,2.496140,1.000000
165,1,-4.391992,3.793530,1.000000,-2.647781,-1.249684,1.000000
166,1,3.094063,1.915430,1.000000,-3.409793,1.613449,1.000000
167,1,-3.271182,1.241593,1.000000,4.360177,1.499061,1.000000
168,1,-2.136234,-3.691912,1.000000,1.012682,0.152169,1.000000
169,1,0.388908,-3.626180,1.000000,1.096630,1.065679,1.000000
170,1,-2.554338,-0.754079,1.000000,0.373428,-3.797939,1.000000
171,1,-4.049258,4.118309,1.000000,0.787331,2.665447,1.000000
172,1,0.751828,-4.019372,1.000000,-3.361036,1.060841,1.000000
173,1,4.432219,2.307571,1.000000,-2.132670,-3.786768,1.000000
174,1,3.323186,2.783377,1.000000,-4.129722,1.764746,1.000000
175,1,0.752888,3.782566,1.000000,4.060882,1.237416,1.000000
176,1,0.262156,-3.941275,1.000000,-3.905477,0.654997,1.000000
177,1,-4.004844,0.579643,1.000000,1.194211,1.112506,1.000000
178,1,0.479895,-4.412716,1.000000,-3.766643,4.035025,1.000000
179,1,3.480232,2.250906,1.000000,-4.174788,4.330842,1.000000
180,1,-4.274328,1.368184,1.000000,0.657676,3.561862,1.000000
181,1,0.075808,4.102980,1.000000,-3.737006,2.140383,1.000000
182,1,1.468628,3.231668,1.000000,-4.360047,0.688644,1.000000
183,1,-0.864192,-4.466626,1.000000,1.222871,2.790315,1.000000
184,1,3.470764,3.122975,1.000000,-3.155148,1.426538,1.000000
185,1,-3.667395,2.090627,1.000000,0.320947,4.157567,1.000000
186,1,-0.958196,-4.405293,1.000000,-3.800705,1.547931,1.000000
187,1,-4.198092,2.668489,1.000000,0.465094,-3.170185,1.000000
188,1,2.571686,2.322413,1.000000,1.218872,-4.410804,1.000000
189,1,-3.660256,2.069807,1.000000,0.582836,-4.282031,1.000000
190,1,3.489736,2.000251,1.000000,-0.131847,4.055621,1.000000
191,1,1.383530,2.980374,1.000000,0.676839,-4.371068,1.000000
192,1,2.104604,2.077014,1.000000,1.199259,-4.051217,1.000000
193,1,0.959132,0.136452,1.000000,-4.389576,4.390238,1.000000
194,1,1.832692,2.051431,1.000000,-3.312257,0.892666,1.000000
195,1,-3.595362,2.744175,1.000000,2.230187,2.760679,1.000000
196,1,0.638080,4.215017,1.000000,-1.086124,-4.491909,1.000000
197,1,-4.046896,3.818037,1.000000,4.120484,2.978636,1.000000
198,1,0.919926,1.191066,1.000000,-2.518661,-1.138128,1.000000
199,1,-3.447381,-0.127869,1.000000,2.593074,1.787397,1.000000
200,2,-0.910768,2.729434,1.000000,4.385792,2.004155,1.000000
201,2,-1.638195,-3.142284,1.000000,-1.991282,2.520973,1.000000
202,2,-1.140794,-3.322296,1.000000,0.332237,3.904916,1.000000
203,2,4.402390,0.968670,1.000000,-0.956030,2.003524,1.000000
204,2,0.492308,4.226705,1.000000,-4.172800,-2.250091,1.000000
205,2,2.083444,-3.562597,1.000000,-1.367670,3.574024,1.000000
206,2,3.589091,1.859441,1.000000,-0.651283,3.883231,1.000000
207,2,-1.440673,-3.397895,1.000000,-3.597142,2.828504,1.000000
208,2,-1.419425,3.724421,1.000000,-1.601924,-3.529243,1.000000
209,2,0.337777,-2.977647,1.000000,0.172652,1.761212,1.000000
210,2,3.903465,-4.460921,1.000000,-0.126942,-3.515101,1.000000
211,2,3.049106,-3.669807,1.000000,-0.945235,3.429094,1.000000
212,2,-3.358244,-2.004735,1.000000,-1.968673,2.521175,1.000000
213,2,4.366391,-4.072520,1.000000,0.127557,3.845282,1.000000
214,2,-0.365525,-3.378714,1.000000,-1.658705,2.148256,1.000000
215,2,1.326429,3.284522,1.000000,2.123295,-3.784968,1.000000
216,2,-0.127864,0.983053,1.000000,4.298002,-3.472675,1.000000
217,2,3.467394,-3.508633,1.000000,-3.266551,-0.928060,1.000000
218,2,-0.492272,-3.623136,1.000000,-3.544752,3.348265,1.000000
219,2,-1.397381,4.213707,1.000000,-1.052715,-2.980673,1.000000
220,2,-1.625941,2.803771,1.000000,3.586980,-3.620543,1.000000
221,2,3.826161,-3.709046,1.000000,-1.839483,3.801913,1.000000
222,2,-0.560952,2.079671,1.000000,0.018229,-3.625388,1.000000
223,2,0.016901,4.058190,1.000000,-3.496851,-1.582086,1.000000
224,2,-3.154727,-1.492790,1.000000,-0.365196,2.150773,1.000000
225,2,0.850386,2.445613,1.000000,-1.940984,-2.120326,1.000000
226,2,-1.787494,-2.415813,1.000000,-0.729905,2.494463,1.000000
227,2,1.291336,3.478691,1.000000,-2.580561,-1.490898,1.000000
228,2,4.260510,-3.602387,1.000000,-4.064766,3.478534,1.000000
229,2,3.285932,-3.345573,1.000000,-3.806524,3.758543,1.000000
230,2,0.770637,2.096292,1.000000,-3.231725,4.404375,1.000000
231,2,-4.028534,2.424299,1.000000,0.943150,1.520589,1.000000
232,2,-3.902419,2.044503,1.000000,-3.839629,-2.647005,1.000000
233,2,0.239330,2.421218,1.000000,-3.839920,2.471297,1.000000
234,2,0.676016,1.793085,1.000000,-3.939537,-1.794217,1.000000
235,2,-0.727299,-3.708079,1.000000,4.492273,1.639039,1.000000
236,2,0.112048,3.184532,1.000000,-3.573010,-1.570770,1.000000
237,2,-4.306680,-2.363342,1.000000,-0.178098,-3.298427,1.000000
238,2,-2.470751,4.084525,1.000000,-0.480945,-3.235590,1.000000
239,2,0.666785,-3.346685,1.000000,-1.559812,4.235704,1.000000
240,2,-0.496080,2.387374,1.000000,1.556236,-4.341359,1.000000
241,2,-1.556860,3.854416,1.000000,-0.587426,-2.861552,1.000000
242,2,4.260483,-4.054595,1.000000,-2.940282,2.673911,1.000000
243,2,0.283314,1.655526,1.000000,-4.499660,4.213535,1.000000
244,2,-1.708622,3.188237,1.000000,2.353554,-3.811288,1.000000
245,2,3.607227,-3.339634,1.000000,-4.248375,-2.441960,1.000000
246,2,-0.253391,1.261093,1.000000,-4.200079,-0.723733,1.000000
247,2,-2.020968,3.596742,1.000000,-1.409700,-2.830857,1.000000
248,2,-1.460331,-3.783221,1.000000,-3.798306,1.872438,1.000000
249,2,0.364275,2.377904,1.000000,-4.326554,3.606749,1.000000
250,2,0.361268,1.832237,1.000000,-0.627312,-3.232263,1.000000
251,2,-3.244902,2.933073,1.000000,-1.882721,-2.887665,1.000000
252,2,3.552433,-4.260913,1.000000,0.426098,1.425235,1.000000
253,2,-1.002762,-3.429294,1.000000,0.385714,2.701675,1.000000
254,2,-2.685009,3.057451,1.000000,-1.284796,-3.571500,1.000000
255,2,3.668493,-3.631118,1.000000,3.060142,1.803092,1.000000
256,2,0.911916,-3.421389,1.000000,1.724329,0.803807,1.000000
257,2,2.094100,-4.469597,1.000000,-3.210391,2.964865,1.000000
258,2,-1.109407,4.196045,1.000000,1.626499,-3.434589,1.000000
259,2,-3.154444,3.259617,1.000000,-4.145400,-1.729619,1.000000
260,2,4.417654,-2.487720,1.000000,0.586277,3.551394,1.000000
261,2,0.937368,4.336884,1.000000,-1.117619,-3.826281,1.000000
262,2,0.167367,2.935912,1.000000,3.457284,-3.426623,1.000000
263,2,3.538791,-3.540114,1.000000,0.920509,0.995942,1.000000
264,2,-1.298476,-3.481037,1.000000,-4.273081,2.326105,1.000000
265,2,-0.733229,-3.383779,1.000000,-4.218564,-1.403122,1.000000
266,2,0.627937,3.744094,1.000000,-1.528101,-2.791915,1.000000
267,2,-1.280212,3.468774,1.000000,-1.316858,-2.432364,1.000000
268,2,0.471362,2.180102,1.000000,4.107638,-2.935787,1.000000
269,2,0.350043,3.168919,1.000000,4.359269,-3.763924,1.000000
270,2,-3.851742,3.775904,1.000000,-0.481553,-3.456985,1.000000
271,2,-3.083912,-1.309580,1.000000,0.487524,3.814831,1.000000
272,2,-3.426058,-1.753725,1.000000,3.659577,-3.481749,1.000000
273,2,-0.501791,-3.596863,1.000000,-0.792282,4.124204,1.000000
274,2,-1.570324,-2.435268,1.000000,-3.972042,1.886547,1.000000
275,2,2.679612,-3.755601,1.000000,-0.117004,3.509167,1.000000
276,2,-0.457294,4.262105,1.000000,-4.386963,-1.688178,1.000000
277,2,0.889066,2.528418,1.000000,-1.278753,-2.001350,1.000000
278,2,-0.237803,3.242230,1.000000,-0.748071,-2.823707,1.000000
279,2,-2.456825,-1.855223,1.000000,0.759920,1.972794,1.000000
280,2,-3.908031,-2.278430,1.000000,-3.846404,3.482061,1.000000
281,2,-1.027183,-3.866560,1.000000,-1.297468,3.457731,1.000000
282,2,-1.677724,2.493352,1.000000,-1.245455,-2.358737,1.000000
283,2,-0.347700,-3.791559,1.000000,-4.409337,2.278180,1.000000
284,2,-1.371670,-3.653314,1.000000,-3.187716,4.053480,1.000000
285,2,-0.569804,3.305322,1.000000,-1.125346,-3.683670,1.000000
286,2,-2.546051,-1.482116,1.000000,3.315059,-3.797332,1.000000
287,2,1.354375,2.980708,1.000000,0.624541,-3.337139,1.000000
288,2,-3.343355,-1.769335,1.000000,-3.428161,2.889713,1.000000
289,2,0.958941,-3.080968,1.000000,-3.737531,3.321004,1.000000
290,2,-3.094613,-1.157511,1.000000,-3.359134,3.032264,1.000000
291,2,3.109157,-4.395158,1.000000,-3.572437,-1.955292,1.000000
292,2,-0.030856,1.397811,1.000000,-1.708978,-2.790952,1.000000
293,2,-1.739006,2.522965,1.000000,-1.108052,-3.037203,1.000000
294,2,-3.232698,-1.950467,1.000000,-0.468611,4.056835,1.000000
295,2,-3.923830,2.184601,1.000000,0.979501,2.481096,1.000000
296,2,-4.121277,3.703622,1.000000,-0.047476,2.064361,1.000000
297,2,0.802395,-4.142351,1.000000,-3.128001,-2.311396,1.000000
298,2,2.602233,-4.263850,1.000000,-1.842472,3.568440,1.000000
299,2,0.772077,-3.708644,1.000000,-4.490265,2.114213,1.000000
300,3,-0.457213,-4.386360,1.000000,1.096127,2.603104,1.000000
301,3,-0.490762,1.766389,1.000000,-4.319019,0.241238,1.000000
302,3,2.915265,-3.136443,1.000000,-0.946409,3.709461,1.000000
303,3,-2.454813,1.960092,1.000000,-2.880525,-2.988705,1.000000
304,3,-3.792210,4.328847,1.000000,0.320191,1.451613,1.000000
305,3,4.191932,3.794829,1.000000,-1.949529,4.258442,1.000000
306,3,-0.649219,-1.425996,1.000000,3.752345,-4.334771,1.000000
307,3,0.518694,-2.301707,1.000000,2.014835,3.335689,1.000000
308,3,3.723682,3.925279,1.000000,3.021773,-3.068761,1.000000
309,3,-1.979362,2.869530,1.000000,-0.400622,-3.248721,1.000000
310,3,-0.575414,-0.979026,1.000000,4.002118,3.590547,1.000000
311,3,-3.420971,3.748498,1.000000,-1.312027,-1.242000,1.000000
312,3,-2.722427,4.174088,1.000000,1.301309,1.094867,1.000000
313,3,-3.435821,4.156661,1.000000,3.573106,3.189811,1.000000
314,3,0.693753,-0.098710,1.000000,-3.427904,-2.779722,1.000000
315,3,-2.192329,3.524942,1.000000,-1.995651,-0.913145,1.000000
316,3,-0.476239,-4.154824,1.000000,-2.705213,3.483498,1.000000
317,3,3.869984,2.827825,1.000000,0.570428,-2.810318,1.000000
318,3,1.339533,3.530606,1.000000,-0.477941,-2.751439,1.000000
319,3,-2.517172,3.898583,1.000000,0.218304,-0.966120,1.000000
320,3,-0.556583,-4.486445,1.000000,4.083746,-4.475566,1.000000
321,3,-4.235761,-0.436418,1.000000,-0.459593,-4.384976,1.000000
322,3,-0.176164,-0.784793,1.000000,-4.271509,-1.253559,1.000000
323,3,-3.045890,-2.266965,1.000000,4.058054,3.711710,1.000000
324,3,-0.380271,-1.217288,1.000000,3.930706,3.382620,1.000000
325,3,1.100865,2.237272,1.000000,-2.988685,-0.825911,1.000000
326,3,3.947028,-2.294920,1.000000,1.822630,2.946992,1.000000
327,3,2.379829,-2.218890,1.000000,-1.793958,-1.053566,1.000000
328,3,-2.046016,2.603895,1.000000,-3.103033,-2.680729,1.000000
329,3,-1.124011,-1.257756,1.000000,-2.286364,3.081474,1.000000
330,3,-2.649261,3.864966,1.000000,2.932576,-2.202122,1.000000
331,3,-0.966340,-1.281292,1.000000,4.271000,2.698711,1.000000
332,3,0.156226,-4.312242,1.000000,-3.001776,-0.841429,1.000000
333,3,1.686431,3.846918,1.000000,1.577774,-2.360511,1.000000
334,3,-0.760976,0.280757,1.000000,1.761594,-2.897802,1.000000
335,3,-0.340917,0.211405,1.000000,-4.371476,-1.402155,1.000000
336,3,-0.754456,-0.137473,1.000000,2.796893,-2.624162,1.000000
337,3,-4.456820,4.230194,1.000000,1.436406,1.680334,1.000000
338,3,0.881894,1.986131,1.000000,2.656427,-3.438744,1.000000
339,3,-1.642223,-0.847813,1.000000,4.146675,3.162210,1.000000
340,3,-3.383879,-2.847302,1.000000,4.371852,-2.279226,1.000000
341,3,2.297516,4.359757,1.000000,0.804867,-2.597400,1.000000
342,3,-2.096568,2.982092,1.000000,-3.046512,-2.727690,1.000000
343,3,-1.440872,3.258680,1.000000,1.809216,-2.507853,1.000000
344,3,3.520791,3.928060,1.000000,-2.831335,3.753881,1.000000
345,3,4.275772,2.904283,1.000000,1.020420,0.197781,1.000000
346,3,-4.140005,-1.064184,1.000000,0.171800,-2.553452,1.000000
347,3,-2.182453,-0.484340,1.000000,2.179635,3.118840,1.000000
348,3,-0.141805,-3.321694,1.000000,-2.053127,3.088819,1.000000
349,3,-1.877552,3.981434,1.000000,-2.822822,-3.162245,1.000000
350,3,4.311403,1.745422,1.000000,-0.599410,-4.278487,1.000000
351,3,-1.778987,0.559040,1.000000,1.757817,3.631987,1.000000
352,3,3.507455,-0.210703,1.000000,-3.205253,-0.682264,1.000000
353,3,-0.354880,-4.467443,1.000000,1.342993,1.683034,1.000000
354,3,-3.382675,-2.614729,1.000000,0.138684,0.868820,1.000000
355,3,0.390677,-3.899439,1.000000,1.679817,2.688761,1.000000
356,3,-2.806698,-2.178670,1.000000,-4.394332,4.458433,1.000000
357,3,3.793873,3.626788,1.000000,-3.221417,-2.353385,1.000000
358,3,-2.371970,4.295210,1.000000,3.646310,3.536381,1.000000
359,3,-0.246905,0.275060,1.000000,-2.330905,4.482836,1.000000
360,3,4.360618,-1.087019,1.000000,-0.105575,-4.392521,1.000000
361,3,-0.627854,-2.348261,1.000000,3.737314,3.042943,1.000000
362,3,-0.155806,1.372879,1.000000,-0.100753,-3.355554,1.000000
363,3,-3.201188,-2.362678,1.000000,-2.015054,2.985214,1.000000
364,3,-1.432177,-0.599136,1.000000,-2.229170,4.338060,1.000000
365,3,0.391379,-2.098369,1.000000,-1.279058,2.876683,1.000000
366,3,-1.975368,-0.007379,1.000000,1.313344,3.367224,1.000000
367,3,-2.663572,3.344047,1.000000,-0.501761,-3.094410,1.000000
368,3,1.300745,1.613769,1.000000,0.308625,-2.942329,1.000000
369,3,0.754342,-1.769735,1.000000,3.742142,4.173513,1.000000
370,3,-0.934920,-3.200548,1.000000,3.363715,3.957687,1.000000
371,3,-2.238116,3.980045,1.000000,-0.076134,0.421692,1.000000
372,3,1.306221,3.653124,1.000000,-0.205510,-4.006889,1.000000
373,3,2.061274,3.834685,1.000000,4.421916,-0.856171,1.000000
374,3,-0.335829,-4.286372,1.000000,0.656919,0.837595,1.000000
375,3,0.018200,-4.105614,1.000000,-4.199502,-1.022009,1.000000
376,3,2.203107,-2.382060,1.000000,-1.701080,-0.053460,1.000000
377,3,1.763175,3.675226,1.000000,-3.275479,-0.976308,1.000000
378,3,4.311160,-2.336342,1.000000,1.000853,1.331710,1.000000
379,3,4.324001,3.477982,1.000000,-0.670129,-2.858464,1.000000
380,3,-0.973442,-0.640153,1.000000,3.286949,3.747765,1.000000
381,3,3.021572,3.560422,1.000000,-1.180286,2.934519,1.000000
382,3,3.452477,-4.217372,1.000000,-0.816949,-0.456576,1.000000
383,3,0.984871,2.722578,1.000000,3.023577,-2.732971,1.000000
384,3,-2.104493,-0.221617,1.000000,0.154474,-3.762008,1.000000
385,3,2.742528,3.675794,1.000000,2.588005,-3.402476,1.000000
386,3,-2.023613,-0.866740,1.000000,3.409633,-4.306346,1.000000
387,3,-1.181432,3.679459,1.000000,2.810397,4.339608,1.000000
388,3,-2.466889,-1.004899,1.000000,1.608436,2.988061,1.000000
389,3,0.302133,-2.049039,1.000000,1.883903,2.750599,1.000000
390,3,1.306732,2.250234,1.000000,-2.871185,3.990027,1.000000
391,3,-0.153715,-3.485236,1.000000,1.360914,2.880307,1.000000
392,3,-1.713532,0.672948,1.000000,4.096375,-2.228188,1.000000
393,3,0.286653,-2.225024,1.000000,-1.200541,2.503500,1.000000
394,3,-2.679865,-0.495918,1.000000,2.637828,3.979668,1.000000
395,3,1.510783,1.737694,1.000000,-0.416056,-2.649582,1.000000
396,3,1.296680,3.304279,1.000000,-3.616132,3.668227,1.000000
397,3,-3.527223,-2.044108,1.000000,1.560776,1.969185,1.000000
398,3,-0.685608,-3.010109,1.000000,1.230524,1.410198,1.000000
399,3,-2.545134,3.935675,1.000000,0.687677,-2.210445,1.000000
400,4,-4.171135,-4.260647,1.000000,-0.751439,0.561903,1.000000
401,4,4.455961,1.341034,1.000000,-2.964458,-3.650050,1.000000
402,4,-1.792957,-4.229846,1.000000,3.661456,-1.903680,1.000000
403,4,-4.314495,-3.712123,1.000000,-0.959699,0.335022,1.000000
404,4,4.177358,-1.140319,1.000000,-1.897690,-4.481253,1.000000
405,4,-0.867238,4.328414,1.000000,2.729771,-0.735810,1.000000
406,4,-0.998773,3.624690,1.000000,0.104685,-0.563045,1.000000
407,4,-3.061914,-1.591818,1.000000,3.464071,0.633396,1.000000
408,4,3.879269,-1.123842,1.000000,-3.587443,-4.146424,1.000000
409,4,-0.301401,4.360309,1.000000,3.068176,-3.160577,1.000000
410,4,-3.745686,-3.740714,1.000000,4.047260,2.296549,1.000000
411,4,0.838325,-0.278404,1.000000,-2.364152,-4.305998,1.000000
412,4,-4.237101,-2.954056,1.000000,-0.312347,0.387960,1.000000
413,4,-4.372427,2.623600,1.000000,3.663756,-3.247833,1.000000
414,4,4.123671,-3.460588,1.000000,-2.497903,-2.259014,1.000000
415,4,4.040663,1.426715,1.000000,-3.353586,-3.715920,1.000000
416,4,4.373052,-2.115212,1.000000,0.046302,-1.806534,1.000000
417,4,3.568219,1.050500,1.000000,-0.945194,4.129398,1.000000
418,4,-3.989075,-4.385293,1.000000,-0.601007,-1.119490,1.000000
419,4,4.344834,3.631699,1.000000,0.346207,-1.293676,1.000000
420,4,-3.174406,-2.248459,1.000000,4.189794,-2.129536,1.000000
421,4,-2.731710,-1.846305,1.000000,2.970180,-0.188056,1.000000
422,4,-4.163940,-3.343868,1.000000,1.028048,-1.591890,1.000000
423,4,0.107095,-0.062053,1.000000,4.408505,3.744003,1.000000
424,4,3.452711,-0.292526,1.000000,-2.303921,-2.001918,1.000000
425,4,4.046663,2.258448,1.000000,-4.180607,-3.462772,1.000000
426,4,-1.177827,4.267532,1.000000,4.080329,-1.904603,1.000000
427,4,-3.939082,-4.146524,1.000000,4.121692,3.284308,1.000000
428,4,0.243380,0.492864,1.000000,-2.760904,-2.516769,1.000000
429,4,-0.235023,-0.031685,1.000000,-0.068757,4.404921,1.000000
430,4,4.359852,-3.968049,1.000000,-3.125109,-3.712147,1.000000
431,4,-2.831649,-1.525083,1.000000,0.603965,0.836813,1.000000
432,4,4.447457,-1.584357,1.000000,-0.026544,3.881260,1.000000
433,4,4.119535,-2.969235,1.000000,-0.270127,-0.021671,1.000000
434,4,-4.207596,2.939492,1.000000,0.995989,-0.404621,1.000000
435,4,3.094417,-2.127686,1.000000,0.469090,3.988360,1.000000
436,4,4.287643,2.409470,1.000000,-3.913324,-1.242804,1.000000
437,4,0.100213,4.278766,1.000000,3.172362,-2.116580,1.000000
438,4,3.561147,2.204970,1.000000,-1.776162,-1.959395,1.000000
439,4,0.728512,4.094910,1.000000,4.255459,1.503107,1.000000
440,4,-3.985350,-1.773321,1.000000,0.205245,-0.439585,1.000000
441,4,3.800621,-2.971000,1.000000,-3.448088,-2.017846,1.000000
442,4,0.378053,3.938413,1.000000,-3.425599,-4.037003,1.000000
443,4,-2.411144,-4.101547,1.000000,3.450311,-0.617737,1.000000
444,4,0.017265,0.172775,1.000000,-4.170727,2.592983,1.000000
445,4,4.348542,-4.052010,1.000000,4.383387,1.584245,1.000000
446,4,-3.431987,-1.409233,1.000000,4.410471,-3.206570,1.000000
447,4,0.265907,-0.900731,1.000000,3.848219,-2.983874,1.000000
448,4,4.274610,3.365047,1.000000,4.329081,-1.135078,1.000000
449,4,-3.997339,-3.284407,1.000000,3.494911,-1.027812,1.000000
450,4,-4.286492,-3.077086,1.000000,-0.044002,0.452676,1.000000
451,4,4.127047,3.276441,1.000000,-4.382810,-1.887139,1.000000
452,4,-1.379440,-4.255851,1.000000,2.998154,-0.022992,1.000000
453,4,4.180884,-1.878034,1.000000,-0.169338,3.942188,1.000000
454,4,3.433593,-1.610142,1.000000,-0.622736,3.671363,1.000000
455,4,-3.661095,-2.017110,1.000000,3.895257,-2.413984,1.000000
456,4,0.019001,-0.646137,1.000000,-4.390603,-2.871133,1.000000
457,4,2.548312,-0.517183,1.000000,-4.341301,-4.246618,1.000000
458,4,3.032543,-2.046014,1.000000,-4.206444,2.300208,1.000000
459,4,-0.869061,3.685987,1.000000,-3.676113,-4.424327,1.000000
460,4,3.469269,-1.991452,1.000000,-2.853806,-3.914298,1.000000
461,4,4.246676,3.884556,1.000000,0.310514,-1.185271,1.000000
462,4,3.775674,-2.246193,1.000000,-2.441359,-1.923265,1.000000
463,4,4.116569,-2.819450,1.000000,-3.481955,-1.209960,1.000000
464,4,-4.433353,-1.356484,1.000000,4.114767,-3.115325,1.000000
465,4,0.549205,0.484198,1.000000,4.294544,-1.598650,1.000000
466,4,0.883608,0.796875,1.000000,-2.807296,-2.227102,1.000000
467,4,-0.599504,4.132604,1.000000,-3.507628,-2.709863,1.000000
468,4,4.287435,-1.072247,1.000000,-0.053009,-0.926993,1.000000
469,4,3.219402,-1.509906,1.000000,-4.035979,-2.699545,1.000000
470,4,-3.466044,-3.796540,1.000000,0.023799,-0.005889,1.000000
471,4,-3.461302,-4.104300,1.000000,3.885210,-1.278075,1.000000
472,4,0.830607,0.013144,1.000000,4.173726,-2.191399,1.000000
473,4,3.514517,-1.509960,1.000000,-1.072745,0.379089,1.000000
474,4,3.775741,-1.128196,1.000000,-4.221084,-3.751919,1.000000
475,4,-0.854989,0.201919,1.000000,3.846697,1.435951,1.000000
476,4,-3.571244,-1.891143,1.000000,-4.120158,2.508118,1.000000
477,4,-4.173459,-3.317595,1.000000,3.780519,-0.815951,1.000000
478,4,0.744366,0.560087,1.000000,4.220766,-1.590282,1.000000
479,4,0.768773,0.765457,1.000000,-2.681749,-2.149747,1.000000
480,4,3.769924,1.108008,1.000000,3.892238,-3.153353,1.000000
481,4,-3.332635,-1.591992,1.000000,3.846508,-1.743668,1.000000
482,4,4.381959,-2.419543,1.000000,1.048405,0.545277,1.000000
483,4,0.541370,-1.187577,1.000000,-0.318704,3.543854,1.000000
484,4,3.520967,-3.109189,1.000000,-0.880565,0.347822,1.000000
485,4,0.715772,-0.018274,1.000000,4.299273,-2.114044,1.000000
486,4,-2.628912,-4.126141,1.000000,3.046157,-3.243126,1.000000
487,4,-4.050174,-1.280933,1.000000,4.199326,-1.920627,1.000000
488,4,-0.648599,-1.010742,1.000000,-4.240931,2.674292,1.000000
489,4,-3.853971,-3.687204,1.000000,3.074271,-0.735473,1.000000
490,4,-4.110422,-3.856666,1.000000,0.057680,-0.575384,1.000000
491,4,-4.010934,-1.774240,1.000000,4.342119,-2.004800,1.000000
492,4,0.653938,0.734040,1.000000,-2.556201,-2.072391,1.000000
493,4,-4.492994,-3.744710,1.000000,3.864968,-1.479859,1.000000
494,4,0.272162,4.222043,1.000000,-3.692749,-4.036396,1.000000
495,4,3.361648,-0.789358,1.000000,-1.601382,-4.419897,1.000000
496,4,4.252485,1.516478,1.000000,0.247514,-0.038560,1.000000
497,4,3.978546,-2.580499,1.000000,-4.029700,2.834505,1.000000
498,4,-2.837763,-4.277016,1.000000,3.665186,0.773798,1.000000
499,4,-2.267753,-4.129070,1.000000,4.304870,1.948427,1.000000
500,5,1.193536,-0.247156,1.000000,-0.105570,-4.316997,1.000000
501,5,3.306341,-0.327626,1.000000,-3.498752,-3.520952,1.000000
502,5,-3.235170,-3.497844,1.000000,2.893772,-4.379499,1.000000
503,5,1.634420,-0.310474,1.000000,-3.494733,4.015450,1.000000
504,5,1.492273,0.639908,1.000000,-4.193042,-2.461033,1.000000
505,5,-3.011621,3.685489,1.000000,-0.662854,-0.594376,1.000000
506,5,-3.262586,-4.279561,1.000000,1.522665,1.432437,1.000000
507,5,2.477539,0.001164,1.000000,-2.732939,-2.512850,1.000000
508,5,-3.201972,4.462725,1.000000,2.209776,-0.300861,1.000000
509,5,-3.084609,-3.025734,1.000000,1.764145,-0.019160,1.000000
510,5,2.923265,1.317764,1.000000,-3.529014,-2.138141,1.000000
511,5,-1.301364,-2.027927,1.000000,3.469396,0.144286,1.000000
512,5,-1.911868,-2.767744,1.000000,1.276287,0.560411,1.000000
513,5,-2.732623,2.803133,1.000000,-3.752720,-1.970309,1.000000
514,5,-4.207881,-1.858463,1.000000,-2.846782,4.132003,1.000000
515,5,3.088625,0.514003,1.000000,-3.505846,-2.749739,1.000000
516,5,0.728907,0.746463,1.000000,-4.337260,3.663728,1.000000
517,5,-0.317176,-0.778220,1.000000,-4.238965,-4.283325,1.000000
518,5,1.093071,1.242790,1.000000,2.482650,-4.100990,1.000000
519,5,-3.322029,-3.333206,1.000000,2.032494,0.129611,1.000000
520,5,-0.803920,-1.480947,1.000000,3.971294,-4.461018,1.000000
521,5,0.060688,-0.016100,1.000000,3.693450,-4.183119,1.000000
522,5,-3.570303,3.916480,1.000000,-0.046441,-0.541924,1.000000
523,5,3.955842,-4.167342,1.000000,-0.257621,0.158372,1.000000
524,5,-3.113348,3.960887,1.000000,0.358758,-0.358467,1.000000
525,5,2.864950,1.220446,1.000000,-3.812243,-2.369933,1.000000
526,5,-4.262926,3.003723,1.000000,1.904305,-4.345876,1.000000
527,5,-3.314326,-3.870736,1.000000,-3.180660,2.641367,1.000000
528,5,-3.104839,-3.024971,1.000000,-4.014803,3.202719,1.000000
529,5,-1.875525,-1.945215,1.000000,-4.155794,3.571105,1.000000
530,5,-0.338611,-1.028658,1.000000,-4.125412,4.203194,1.000000
531,5,-3.695640,-2.629383,1.000000,1.207330,1.603555,1.000000
532,5,2.373773,-3.996439,1.000000,4.129876,0.824843,1.000000
533,5,1.845996,-4.353034,1.000000,0.496247,0.423154,1.000000
534,5,-4.150782,-2.185856,1.000000,1.558955,1.355011,1.000000
535,5,2.646250,-4.478487,1.000000,-0.331477,-1.133533,1.000000
536,5,4.319651,0.381493,1.000000,-0.590207,0.398901,1.000000
537,5,-3.388655,-3.129415,1.000000,0.537308,0.532516,1.000000
538,5,-3.950555,3.014242,1.000000,0.776510,0.801756,1.000000
539,5,1.920395,-3.925330,1.000000,1.545255,1.102210,1.000000
540,5,-0.959072,0.869471,1.000000,2.341638,-4.088782,1.000000
541,5,-2.425348,-2.819271,1.000000,1.482209,1.480371,1.000000
542,5,-4.387246,3.549398,1.000000,4.284899,-3.696297,1.000000
543,5,3.381412,1.388050,1.000000,-2.893542,-1.756622,1.000000
544,5,-3.588653,-4.487079,1.000000,3.308738,-0.045460,1.000000
545,5,-4.418734,4.332891,1.000000,1.747828,-4.262417,1.000000
546,5,-1.755964,-2.482802,1.000000,-2.525586,2.480161,1.000000
547,5,-0.918185,-1.936802,1.000000,-2.791453,4.052746,1.000000
548,5,-1.439986,-1.846252,1.000000,2.302364,-4.163278,1.000000
549,5,2.661359,-0.532762,1.000000,-4.419820,-3.910454,1.000000
550,5,0.957386,0.789602,1.000000,2.109576,-4.355441,1.000000
551,5,-4.434954,1.723623,1.000000,3.824332,-4.455095,1.000000
552,5,2.235729,-4.103492,1.000000,-1.729164,-2.053024,1.000000
553,5,1.312016,1.057767,1.000000,-3.047067,-2.060009,1.000000
554,5,-4.372826,-4.089469,1.000000,3.198644,-0.398491,1.000000
555,5,2.956862,-4.025582,1.000000,-3.411446,3.820368,1.000000
556,5,-3.208982,-3.357159,1.000000,3.456281,-0.289866,1.000000
557,5,-2.961488,-3.723527,1.000000,1.239430,1.106572,1.000000
558,5,0.153763,4.299335,1.000000,-3.295299,-4.093584,1.000000
559,5,3.693442,-4.312958,1.000000,0.326632,-0.302265,1.000000
560,5,-0.520132,-1.854538,1.000000,-2.953897,3.859127,1.000000
561,5,-4.169548,2.403949,1.000000,1.693386,0.734369,1.000000
562,5,-3.634308,-1.814610,1.000000,3.328140,-3.955246,1.000000
563,5,3.334899,-0.359018,1.000000,-2.787912,3.571032,1.000000
564,5,-2.618738,-3.121694,1.000000,3.102947,1.236373,1.000000
565,5,-3.515543,4.262912,1.000000,-3.931830,-2.261310,1.000000
566,5,-2.922949,3.990784,1.000000,3.063006,-0.063876,1.000000
567,5,1.923340,-4.429962,1.000000,-4.388226,-2.906483,1.000000
568,5,0.297142,4.064961,1.000000,-3.089406,-3.650407,1.000000
569,5,2.309250,1.557731,1.000000,3.422140,-4.096876,1.000000
570,5,3.644919,0.152442,1.000000,-3.528399,-1.805142,1.000000
571,5,-2.862920,2.897594,1.000000,-3.014340,-2.004464,1.000000
572,5,0.861580,0.570007,1.000000,2.089948,-4.236749,1.000000
573,5,-3.568567,3.098193,1.000000,0.182108,0.685971,1.000000
574,5,2.139323,-4.399225,1.000000,-3.376904,4.366822,1.000000
575,5,-4.493457,-1.527878,1.000000,-0.515848,0.136946,1.000000
576,5,1.322150,1.378189,1.000000,-2.895437,-3.602041,1.000000
577,5,2.456150,0.518962,1.000000,-2.400960,-2.929382,1.000000
578,5,2.866397,-4.459816,1.000000,1.721999,1.636507,1.000000
579,5,2.877397,0.409356,1.000000,-3.168729,3.170713,1.000000
580,5,2.767965,1.186910,1.000000,-2.270019,-2.203730,1.000000
581,5,3.431656,-4.163847,1.000000,-3.404353,3.034129,1.000000
582,5,-3.640918,-2.904521,1.000000,-2.852746,3.890692,1.000000
583,5,0.842574,1.139094,1.000000,-2.453845,-1.776165,1.000000
584,5,3.775792,-0.257904,1.000000,-0.909256,-1.857250,1.000000
585,5,1.945367,-4.212565,1.000000,-3.567910,4.136505,1.000000
586,5,1.078174,0.877316,1.000000,-4.218316,2.765280,1.000000
587,5,-4.192495,-3.265049,1.000000,-0.714539,0.735926,1.000000
588,5,-3.814115,-3.827633,1.000000,3.049369,0.747865,1.000000
589,5,-3.332978,2.635825,1.000000,2.253229,0.024534,1.000000
590,5,4.275034,0.500270,1.000000,2.145273,-4.396304,1.000000
591,5,0.986496,0.037624,1.000000,3.826730,-4.148041,1.000000
592,5,-1.874961,-2.463882,1.000000,1.467832,-0.140075,1.000000
593,5,-3.298965,4.294185,1.000000,-0.439808,-1.849434,1.000000
594,5,1.278742,1.820717,1.000000,-1.591121,-1.975164,1.000000
595,5,0.828878,0.952426,1.000000,-4.396542,-2.688255,1.000000
596,5,2.231173,-0.668315,1.000000,4.296175,-4.188122,1.000000
597,5,-3.891025,3.543863,1.000000,-0.125606,-1.067039,1.000000
598,5,2.738710,-0.502626,1.000000,-2.623485,-2.906285,1.000000
599,5,-0.794402,-1.509960,1.000000,-3.243039,4.235498,1.000000
700,7,-4.400165,-3.568173,1.000000,2.557629,-3.926091,1.000000
701,7,-3.303133,4.243954,1.000000,3.899673,1.798780,1.000000
702,7,-1.623270,-2.303784,1.000000,3.495357,-3.531324,1.000000
703,7,2.151066,2.972182,1.000000,3.454308,-3.445731,1.000000
704,7,-1.224482,0.129821,1.000000,-3.015758,4.153755,1.000000
705,7,-2.224144,-1.191545,1.000000,3.827104,2.140525,1.000000
706,7,-2.865010,-2.215099,1.000000,3.931845,2.524667,1.000000
707,7,3.968328,-4.310685,1.000000,-1.368018,-2.271726,1.000000
708,7,-3.980261,3.758564,1.000000,-1.022188,0.084164,1.000000
709,7,-1.453671,-1.849157,1.000000,1.972632,4.029729,1.000000
710,7,-2.748880,-0.420114,1.000000,1.086258,-3.265836,1.000000
711,7,-1.361421,-1.401579,1.000000,-2.310727,3.604503,1.000000
712,7,1.222476,-3.852081,1.000000,0.803484,4.157814,1.000000
713,7,0.593236,0.518361,1.000000,-3.501268,4.187071,1.000000
714,7,-1.607675,-0.188034,1.000000,3.358907,3.150972,1.000000
715,7,-2.245550,-0.962227,1.000000,2.546908,-4.119869,1.000000
716,7,1.839452,-4.328627,1.000000,-2.598865,0.874875,1.000000
717,7,2.016605,3.079335,1.000000,3.598960,-2.284611,1.000000
718,7,4.199573,2.229540,1.000000,-3.253595,-3.165127,1.000000
719,7,2.343035,-0.612883,1.000000,-1.618728,4.038613,1.000000
720,7,1.981548,3.876604,1.000000,-4.158768,3.588624,1.000000
721,7,-3.664926,3.580402,1.000000,-4.296607,-3.071070,1.000000
722,7,3.965960,-4.109651,1.000000,4.223343,1.731411,1.000000
723,7,-4.153271,-4.030478,1.000000,-2.968800,3.386666,1.000000
724,7,3.425831,-2.053412,1.000000,2.131441,3.125075,1.000000
725,7,3.734919,2.790987,1.000000,-2.011177,-1.844688,1.000000
726,7,3.263750,3.842275,1.000000,1.984640,-4.149182,1.000000
727,7,-3.881934,-3.660756,1.000000,-4.079594,4.256022,1.000000
728,7,2.532013,-4.464525,1.000000,1.893268,0.147650,1.000000
729,7,2.737373,-2.969314,1.000000,-3.485591,-2.320990,1.000000
730,7,-1.032426,-1.982868,1.000000,3.940470,-2.512582,1.000000
731,7,3.949285,-4.359177,1.000000,-0.727786,-1.893053,1.000000
732,7,1.602564,4.285179,1.000000,2.176254,-3.690974,1.000000
733,7,-2.596693,-2.612060,1.000000,-1.774006,4.275286,1.000000
734,7,-3.349592,3.402240,1.000000,2.428974,3.773696,1.000000
735,7,2.595294,-0.894988,1.000000,-1.703579,-2.052027,1.000000
736,7,3.823573,2.794106,1.000000,-2.206806,0.204218,1.000000
737,7,2.293291,3.333734,1.000000,-3.727224,-3.447634,1.000000
738,7,4.321778,-3.869218,1.000000,3.400516,2.471501,1.000000
739,7,-1.689848,-1.281668,1.000000,-1.907340,3.329375,1.000000
740,7,2.275816,-0.367442,1.000000,-2.881929,3.427157,1.000000
741,7,-1.529699,0.351978,1.000000,2.430311,-3.755702,1.000000
742,7,-2.474055,-1.440121,1.000000,2.224423,-4.115529,1.000000
743,7,2.019996,0.080817,1.000000,3.617890,-4.124779,1.000000
744,7,1.593382,-0.032588,1.000000,-4.217031,4.362303,1.000000
745,7,-3.109813,3.375396,1.000000,-1.389373,-1.189960,1.000000
746,7,3.251379,-4.064755,1.000000,1.936849,2.615279,1.000000
747,7,3.273194,2.568087,1.000000,-2.036454,3.311344,1.000000
748,7,4.328341,-3.572744,1.000000,-3.686162,-3.324811,1.000000
749,7,-2.402349,3.721428,1.000000,3.210920,-4.069492,1.000000
750,7,-2.759904,4.290829,1.000000,-2.248550,-1.379619,1.000000
751,7,-3.884355,-4.357251,1.000000,-1.306583,0.262031,1.000000
752,7,-1.824983,-2.495593,1.000000,2.470596,3.315164,1.000000
753,7,-3.363314,2.773695,1.000000,-0.990214,-2.524843,1.000000
754,7,1.233149,-4.458001,1.000000,-2.902492,-2.180770,1.000000
755,7,3.560023,3.312271,1.000000,2.088165,-4.204856,1.000000
756,7,3.976662,-4.235189,1.000000,-0.427956,-2.662075,1.000000
757,7,-1.380415,-0.636129,1.000000,1.283013,3.596897,1.000000
758,7,2.141548,2.998455,1.000000,-3.793221,-2.669793,1.000000
759,7,-3.273270,-3.844412,1.000000,-2.079489,0.025142,1.000000
760,7,2.539083,4.371848,1.000000,-1.333991,-0.384211,1.000000
761,7,3.813629,-4.334879,1.000000,-1.620152,0.097045,1.000000
762,7,3.479976,-2.050857,1.000000,-2.640133,-2.714170,1.000000
763,7,2.056505,3.671611,1.000000,3.344322,-1.975922,1.000000
764,7,1.904954,-3.434743,1.000000,3.366103,4.086847,1.000000
765,7,1.884898,-0.523354,1.000000,-2.793521,-0.707212,1.000000
766,7,-2.882956,-3.847127,1.000000,2.123894,-3.711726,1.000000
767,7,-2.405935,3.443828,1.000000,-3.195881,-3.174548,1.000000
768,7,-1.948741,-2.485019,1.000000,3.703641,-2.911715,1.000000
769,7,3.466354,-0.983193,1.000000,-3.717842,4.230384,1.000000
770,7,0.600564,3.678099,1.000000,-2.792493,-3.425415,1.000000
771,7,2.142741,3.047030,1.000000,-2.307514,-2.386348,1.000000
772,7,0.952774,3.266519,1.000000,1.819265,-3.612692,1.000000
773,7,1.674334,0.525671,1.000000,0.912469,-4.137750,1.000000
774,7,-4.289060,3.765731,1.000000,2.859658,2.270707,1.000000
775,7,-4.381894,3.507721,1.000000,-1.684407,0.169065,1.000000
776,7,-0.910355,-0.343212,1.000000,3.324626,-3.004576,1.000000
777,7,3.956442,-4.083378,1.000000,-3.024186,2.507350,1.000000
778,7,-0.743846,-1.816154,1.000000,-1.730597,3.863672,1.000000
779,7,3.674189,2.091091,1.000000,-2.257528,-2.268888,1.000000
780,7,1.948006,0.144792,1.000000,-4.395412,-3.683796,1.000000
781,7,3.588601,3.623909,1.000000,0.980277,-4.477590,1.000000
782,7,2.025084,-4.416959,1.000000,-1.353715,-1.885029,1.000000
783,7,-2.855455,-1.625280,1.000000,2.430338,-3.312886,1.000000
784,7,3.247847,-3.436844,1.000000,-0.934174,-0.669513,1.000000
785,7,-2.115854,-1.156695,1.000000,-4.415819,3.332537,1.000000
786,7,-3.612380,-3.263211,1.000000,-1.556480,0.234159,1.000000
787,7,2.337354,3.910421,1.000000,-2.962101,-4.034769,1.000000
788,7,-3.212602,-4.197867,1.000000,1.246548,0.728086,1.000000
789,7,-3.799129,-1.959339,1.000000,1.084303,3.879927,1.000000
790,7,-2.846255,2.992940,1.000000,-3.488058,-3.787599,1.000000
791,7,0.805960,-4.223903,1.000000,-1.449435,-0.660894,1.000000
792,7,0.121787,-3.126485,1.000000,-2.922981,3.457417,1.000000
793,7,2.594106,-0.861308,1.000000,-1.777350,-1.922585,1.000000
794,7,1.904557,-0.108210,1.000000,-3.736080,-2.294143,1.000000
795,7,-2.199688,-0.151336,1.000000,-2.655692,-4.209367,1.000000
796,7,-3.011420,-2.935789,1.000000,1.710790,3.254077,1.000000
797,7,3.563181,-3.615006,1.000000,-4.208593,-3.824747,1.000000
798,7,1.934535,3.727459,1.000000,-1.702833,0.480651,1.000000
799,7,2.603924,4.150175,1.000000,1.060023,-4.195106,1.000000
800,8,2.325206,-0.262100,1.000000,-0.818301,-3.186857,1.000000
801,8,-4.233028,-4.499778,1.000000,2.310871,-1.195156,1.000000
802,8,-1.658003,3.938211,1.000000,2.804228,0.652190,1.000000
803,8,-2.036982,4.447355,1.000000,-1.332360,-2.973214,1.000000
804,8,-4.038617,2.959769,1.000000,3.789554,1.041048,1.000000
805,8,-2.938301,-4.020818,1.000000,2.630415,-0.616992,1.000000
806,8,4.066857,1.668517,1.000000,-0.370314,-3.866582,1.000000
807,8,3.018368,-0.287111,1.000000,0.189575,-3.808650,1.000000
808,8,-0.806394,-3.060647,1.000000,-3.316304,2.877604,1.000000
809,8,-3.167385,-4.246298,1.000000,0.991243,-0.178959,1.000000
810,8,-1.450754,-2.817737,1.000000,3.755652,1.241217,1.000000
811,8,-0.611788,-2.326235,1.000000,3.653399,2.675009,1.000000
812,8,-1.407346,-3.258151,1.000000,-3.535226,3.449875,1.000000
813,8,-2.527270,4.170148,1.000000,4.053244,2.871890,1.000000
814,8,1.273232,-0.797554,1.000000,-3.202669,2.739137,1.000000
815,8,-1.586378,-2.252558,1.000000,2.747102,0.541932,1.000000
816,8,-2.518853,-4.360714,1.000000,-4.366971,4.310533,1.000000
817,8,0.202157,-2.350640,1.000000,-1.553853,4.397969,1.000000
818,8,-0.410092,-2.412262,1.000000,0.689222,3.748839,1.000000
819,8,0.606185,-1.854415,1.000000,3.244583,1.713456,1.000000
820,8,1.229233,-0.289272,1.000000,-4.401976,-4.005940,1.000000
821,8,1.236299,-1.520675,1.000000,-1.171324,3.552056,1.000000
822,8,-0.857495,-1.913183,1.000000,-4.400993,2.519047,1.000000
823,8,1.359401,-2.546628,1.000000,-4.227198,3.477756,1.000000
824,8,1.893765,-1.485805,1.000000,-0.642961,3.755006,1.000000
825,8,-0.996801,-3.241593,1.000000,0.796730,0.635467,1.000000
826,8,3.588530,2.422561,1.000000,-4.436680,2.727160,1.000000
827,8,1.033374,-2.089296,1.000000,-3.769005,4.328566,1.000000
828,8,-1.247868,-2.912008,1.000000,-3.417457,2.798533,1.000000
829,8,-0.426272,-4.357071,1.000000,3.657580,2.952362,1.000000
830,8,-4.383349,-0.948352,1.000000,0.136638,-3.522673,1.000000
831,8,0.133665,-3.494197,1.000000,3.173707,0.494974,1.000000
832,8,0.320578,-2.038883,1.000000,-0.810736,3.953216,1.000000
833,8,-3.058667,2.985681,1.000000,-2.597390,-4.325631,1.000000
834,8,2.031867,-0.413995,1.000000,-1.315854,4.434636,1.000000
835,8,-0.785654,-4.478778,1.000000,1.927123,-0.850104,1.000000
836,8,-3.904574,-4.180395,1.000000,4.034219,3.111878,1.000000
837,8,-3.410882,3.302797,1.000000,2.634614,-0.045446,1.000000
838,8,3.689669,2.263398,1.000000,-4.307585,2.412648,1.000000
839,8,2.837585,1.283977,1.000000,0.191447,-2.343750,1.000000
840,8,1.002816,4.321422,1.000000,1.064963,-1.173137,1.000000
841,8,-3.516776,3.550348,1.000000,-0.973072,-4.421946,1.000000
842,8,-0.199425,-1.743869,1.000000,-2.984866,3.364326,1.000000
843,8,4.241197,1.803096,1.000000,-4.331984,2.341578,1.000000
844,8,3.164774,0.356254,1.000000,-2.969953,3.998637,1.000000
845,8,3.921086,1.692962,1.000000,-1.820314,-4.025049,1.000000
846,8,3.571894,2.817458,1.000000,-2.845579,4.354559,1.000000
847,8,3.448670,1.796816,1.000000,-0.581459,-2.580639,1.000000
848,8,4.019294,2.269778,1.000000,-0.064416,-2.632969,1.000000
849,8,0.786229,4.144266,1.000000,3.089735,-0.823472,1.000000
850,8,-2.581431,3.894609,1.000000,3.311180,0.994533,1.000000
851,8,-2.132812,3.827441,1.000000,-0.564218,-2.808769,1.000000
852,8,-4.062376,3.641348,1.000000,3.031561,1.453026,1.000000
853,8,0.036684,-3.450721,1.000000,-0.127698,3.778476,1.000000
854,8,1.444056,0.245824,1.000000,-1.360349,-3.384260,1.000000
855,8,4.059755,2.309655,1.000000,-1.354365,-2.817528,1.000000
856,8,2.411396,-1.668926,1.000000,0.777909,4.322031,1.000000
857,8,-3.589976,3.268423,1.000000,4.081729,1.617080,1.000000
858,8,-3.076468,3.806437,1.000000,2.302635,0.389321,1.000000
859,8,-2.421385,3.773975,1.000000,-1.284139,-2.517615,1.000000
860,8,-0.120553,3.860181,1.000000,0.098593,-2.941424,1.000000
861,8,-2.365940,-4.355499,1.000000,0.999246,4.322753,1.000000
862,8,3.445118,2.106350,1.000000,-1.476989,-3.752798,1.000000
863,8,3.877066,1.848510,1.000000,1.848508,-2.131572,1.000000
864,8,1.202718,4.077811,1.000000,1.444612,-0.412152,1.000000
865,8,-0.724816,-1.986957,1.000000,-4.431956,2.108302,1.000000
866,8,2.406376,3.968448,1.000000,-0.559521,-3.872009,1.000000
867,8,3.594417,1.369939,1.000000,-2.357126,3.788044,1.000000
868,8,0.070027,-3.064604,1.000000,-3.610239,2.705999,1.000000
869,8,-0.630880,-3.207766,1.000000,-2.336864,4.333641,1.000000
870,8,0.174081,-4.220443,1.000000,-4.321232,3.049001,1.000000
871,8,-1.337096,-2.579911,1.000000,-0.234206,3.701715,1.000000
872,8,2.997642,1.366906,1.000000,-1.109440,3.634034,1.000000
873,8,-0.672528,-3.185475,1.000000,-0.717312,4.134123,1.000000
874,8,-3.343053,3.310683,1.000000,2.430422,-1.896157,1.000000
875,8,0.307267,4.232847,1.000000,0.314495,-4.283510,1.000000
876,8,-4.494889,4.397114,1.000000,1.728335,-1.879869,1.000000
877,8,0.359316,-0.982242,1.000000,-0.178265,3.908107,1.000000
878,8,-0.433374,-3.715933,1.000000,2.673529,4.001416,1.000000
879,8,-1.383089,4.423371,1.000000,1.957958,-2.604132,1.000000
880,8,-2.928336,3.449475,1.000000,3.991862,1.222434,1.000000
881,8,-0.536931,-4.201844,1.000000,-0.355587,3.653303,1.000000
882,8,-0.447604,-2.876160,1.000000,-1.219491,4.021065,1.000000
883,8,1.632297,4.008013,1.000000,-3.943366,3.852992,1.000000
884,8,-3.557275,2.884987,1.000000,2.339528,0.444070,1.000000
885,8,-1.516794,-2.759060,1.000000,2.926120,-0.696262,1.000000
886,8,1.815300,-0.258609,1.000000,-3.620942,2.828407,1.000000
887,8,-0.454234,-4.303388,1.000000,-3.989763,4.046316,1.000000
888,8,-1.038012,4.127545,1.000000,1.800385,-0.925711,1.000000
889,8,-1.896603,3.794102,1.000000,3.378995,0.763089,1.000000
890,8,-3.584636,3.023573,1.000000,2.598258,-1.074982,1.000000
891,8,-1.257355,-2.373499,1.000000,3.703351,2.225606,1.000000
892,8,-0.990996,4.337422,1.000000,2.841751,1.307286,1.000000
893,8,-1.553113,-3.177278,1.000000,2.929146,0.158859,1.000000
894,8,-4.421131,4.050569,1.000000,1.154490,3.508573,1.000000
895,8,-1.673922,-3.602935,1.000000,2.219226,-1.474558,1.000000
896,8,3.670577,1.381867,1.000000,-0.297848,4.071280,1.000000
897,8,-4.217068,3.734784,1.000000,-0.472581,-2.666720,1.000000
898,8,1.199514,0.234660,1.000000,-4.046547,-0.311247,1.000000
899,8,-0.503701,4.289823,1.000000,4.337581,1.729893,1.000000
900,9,2.104382,-1.652172,1.000000,2.819286,3.747423,1.000000
901,9,-0.424987,-2.751440,1.000000,2.822138,1.679552,1.000000
902,9,0.635185,-4.438390,1.000000,2.867918,1.097975,1.000000
903,9,4.017424,0.841740,1.000000,-4.132541,4.378272,1.000000
904,9,2.755413,0.225092,1.000000,-0.187170,4.241239,1.000000
905,9,1.005729,3.283970,1.000000,3.521147,-0.082811,1.000000
906,9,-1.161760,4.303020,1.000000,3.637568,-3.394310,1.000000
907,9,2.579952,1.259094,1.000000,4.028501,-2.981849,1.000000
908,9,-0.749922,-3.932116,1.000000,1.819106,3.710377,1.000000
909,9,3.243332,0.689245,1.000000,-0.070993,-3.170965,1.000000
910,9,1.236881,-1.735756,1.000000,4.382750,0.879493,1.000000
911,9,-1.111411,0.513700,1.000000,3.001368,3.992652,1.000000
912,9,2.742485,2.952246,1.000000,-3.124032,4.392828,1.000000
913,9,-4.423415,-4.331120,1.000000,-0.686353,4.464100,1.000000
914,9,0.872105,-2.537142,1.000000,4.479052,-0.570994,1.000000
915,9,3.253204,-3.393527,1.000000,-1.029682,4.136282,1.000000
916,9,-0.030718,3.720051,1.000000,1.502224,-2.123808,1.000000
917,9,1.142859,-1.970417,1.000000,2.365889,3.489120,1.000000
918,9,-0.284612,-3.479826,1.000000,3.722400,2.374588,1.000000
919,9,0.037843,-3.978323,1.000000,3.694189,-1.760792,1.000000
920,9,0.237810,-3.133756,1.000000,3.437836,-0.285465,1.000000
921,9,2.988799,2.751824,1.000000,4.315292,-2.894063,1.000000
922,9,-1.248639,4.132690,1.000000,2.868501,0.889154,1.000000
923,9,2.112993,3.077274,1.000000,4.464191,-0.341977,1.000000
924,9,3.994573,-3.208453,1.000000,2.864376,1.573115,1.000000
925,9,2.052626,-1.523062,1.000000,2.781746,2.800638,1.000000
926,9,1.593580,3.299567,1.000000,2.304947,-0.757530,1.000000
927,9,4.061915,-1.391410,1.000000,-1.201865,0.253837,1.000000
928,9,0.109353,-2.107136,1.000000,3.091129,2.596781,1.000000
929,9,-0.910075,4.364036,1.000000,-0.298286,-3.296229,1.000000
930,9,4.042386,0.378412,1.000000,-0.365456,-2.215402,1.000000
931,9,-3.475673,4.360248,1.000000,1.332957,3.013037,1.000000
932,9,3.167883,2.606896,1.000000,1.950245,-2.231112,1.000000
933,9,1.797137,4.488807,1.000000,3.993006,0.454484,1.000000
934,9,-3.783667,-2.096488,1.000000,2.399806,3.535247,1.000000
935,9,3.506413,2.289066,1.000000,-2.042000,0.103747,1.000000
936,9,0.397259,-3.265335,1.000000,1.406739,3.059140,1.000000
937,9,3.097695,2.964241,1.000000,0.345457,-3.897496,1.000000
938,9,-1.860490,0.743517,1.000000,3.985066,-3.003503,1.000000
939,9,2.912598,2.039593,1.000000,0.691784,-3.191104,1.000000
940,9,0.526960,-3.378409,1.000000,2.739363,0.472918,1.000000
941,9,1.789348,3.568676,1.000000,-2.285098,4.355658,1.000000
942,9,-0.024008,-3.504394,1.000000,-0.042596,4.095668,1.000000
943,9,3.038875,4.366233,1.000000,1.785473,-1.556578,1.000000
944,9,2.951878,2.214188,1.000000,4.192772,-2.073018,1.000000
945,9,0.088496,-2.650920,1.000000,2.705534,1.909418,1.000000
946,9,2.430462,-1.223715,1.000000,1.771459,2.918544,1.000000
947,9,0.728703,-2.692757,1.000000,2.459954,4.449755,1.000000
948,9,-0.312010,-3.957880,1.000000,-0.162206,3.811643,1.000000
949,9,3.614526,-0.667166,1.000000,2.473040,4.388341,1.000000
950,9,0.273807,1.880432,1.000000,-4.484112,-4.470178,1.000000
951,9,1.392781,-1.536279,1.000000,-0.629241,4.339802,1.000000
952,9,-0.439958,-4.371012,1.000000,-2.075656,4.448683,1.000000
953,9,-0.202504,-3.486971,1.000000,3.100081,3.055130,1.000000
954,9,2.540236,3.749078,1.000000,4.327179,-3.109083,1.000000
955,9,2.632251,0.247548,1.000000,-0.845707,-3.804376,1.000000
956,9,0.656630,-4.023676,1.000000,2.910078,-0.322275,1.000000
957,9,2.002934,3.313804,1.000000,0.778650,-3.233103,1.000000
958,9,-0.190541,-2.429110,1.000000,2.706207,3.214217,1.000000
959,9,-1.734979,0.209241,1.000000,3.964898,-1.957765,1.000000
960,9,-0.012731,-3.964209,1.000000,2.991122,1.788110,1.000000
961,9,0.029504,-4.119796,1.000000,3.001262,2.208944,1.000000
962,9,3.828189,0.371192,1.000000,1.760228,4.147379,1.000000
963,9,2.298676,3.841469,1.000000,3.797088,-2.343011,1.000000
964,9,2.998628,-2.057548,1.000000,2.958490,3.334936,1.000000
965,9,3.894187,-0.401407,1.000000,-3.727731,-1.980177,1.000000
966,9,-2.214535,0.317950,1.000000,3.507008,2.279974,1.000000
967,9,2.995403,3.736392,1.000000,0.048541,-4.170777,1.000000
968,9,1.360625,-1.972668,1.000000,1.043788,2.944556,1.000000
969,9,3.803086,-1.525992,1.000000,-0.128085,-2.725237,1.000000
970,9,3.322337,-1.481355,1.000000,1.829779,3.101796,1.000000
971,9,3.288653,2.386642,1.000000,2.552925,-2.993082,1.000000
972,9,3.220035,-0.867531,1.000000,-4.362805,4.336346,1.000000
973,9,2.744116,0.353695,1.000000,-0.438122,-3.524786,1.000000
974,9,-0.531562,-3.956607,1.000000,4.166218,1.632501,1.000000
975,9,4.489102,-1.654388,1.000000,-0.838560,-3.685026,1.000000
976,9,-1.419604,0.708921,1.000000,3.667435,-1.425073,1.000000
977,9,2.050520,3.094157,1.000000,3.788262,-0.686284,1.000000
978,9,0.001667,-1.984298,1.000000,-3.630378,4.237990,1.000000
979,9,3.899626,1.015282,1.000000,-0.201300,-3.249232,1.000000
980,9,0.370445,-3.932252,1.000000,4.354037,-1.698427,1.000000
981,9,0.512076,-3.541102,1.000000,3.772295,0.964106,1.000000
982,9,4.350555,-0.215250,1.000000,1.101525,3.324107,1.000000
983,9,2.793636,2.633281,1.000000,-3.659936,-2.545651,1.000000
984,9,4.088017,-2.690933,1.000000,2.869254,3.546194,1.000000
985,9,1.644160,3.396040,1.000000,-0.288783,-3.580068,1.000000
986,9,3.296136,-1.850100,1.000000,2.928182,3.947318,1.000000
987,9,-0.133403,-2.105348,1.000000,3.474750,0.128201,1.000000
988,9,-1.030195,-4.483368,1.000000,3.949395,-2.510980,1.000000
989,9,2.101571,1.108802,1.000000,-0.232844,-3.410851,1.000000
990,9,-1.597522,0.444269,1.000000,4.382627,-1.183303,1.000000
991,9,-0.446488,-4.122066,1.000000,3.145926,3.572689,1.000000
992,9,-1.969997,0.268382,1.000000,2.695905,0.081938,1.000000
993,9,3.009970,-1.434742,1.000000,-1.123574,-3.899874,1.000000
994,9,3.527540,-2.632865,1.000000,-4.156939,4.331542,1.000000
995,9,3.726830,-3.160091,1.000000,3.497506,2.578683,1.000000
996,9,2.697592,-1.575884,1.000000,-1.048606,-3.918208,1.000000
997,9,3.503744,-2.569883,1.000000,2.040402,3.037092,1.000000
998,9,2.352235,4.012069,1.000000,2.283454,-1.996986,1.000000
999,9,2.599498,-0.236256,1.000000,2.270741,4.347516,1.000000
